[{"pk": 1, "model": "gstudio.nid", "fields": {"title": "person"}}, {"pk": 2, "model": "gstudio.nid", "fields": {"title": "concept class"}}, {"pk": 3, "model": "gstudio.nid", "fields": {"title": "place"}}, {"pk": 4, "model": "gstudio.nid", "fields": {"title": "country"}}, {"pk": 5, "model": "gstudio.nid", "fields": {"title": "city"}}, {"pk": 6, "model": "gstudio.nid", "fields": {"title": "capital of"}}, {"pk": 7, "model": "gstudio.nid", "fields": {"title": "lives in"}}, {"pk": 8, "model": "gstudio.nid", "fields": {"title": "Charles Darwin"}}, {"pk": 9, "model": "gstudio.nid", "fields": {"title": "India"}}, {"pk": 10, "model": "gstudio.nid", "fields": {"title": "Mumbai"}}, {"pk": 11, "model": "gstudio.nid", "fields": {"title": "New Delhi"}}, {"pk": 12, "model": "gstudio.nid", "fields": {"title": " New Delhi  capital of  India"}}, {"pk": 13, "model": "gstudio.nid", "fields": {"title": "Nagarjuna"}}, {"pk": 14, "model": "gstudio.nid", "fields": {"title": " Nagarjuna mostly lives in  Mumbai"}}, {"pk": 15, "model": "gstudio.nid", "fields": {"title": "population"}}, {"pk": 16, "model": "gstudio.nid", "fields": {"title": "lived in"}}, {"pk": 17, "model": "gstudio.nid", "fields": {"title": "London"}}, {"pk": 18, "model": "gstudio.nid", "fields": {"title": " Charles Darwin  lived in several locations of London"}}, {"pk": 19, "model": "gstudio.nid", "fields": {"title": "the population of India is 1210193422"}}, {"pk": 20, "model": "gstudio.nid", "fields": {"title": "the population of Mumbai is 20245000"}}, {"pk": 21, "model": "gstudio.nid", "fields": {"title": "the population of London is 7825200"}}, {"pk": 22, "model": "gstudio.nid", "fields": {"title": "times"}}, {"pk": 23, "model": "gstudio.nid", "fields": {"title": " the population of Mumbai is 20245000 three times more than the population of London is 7825200"}}, {"pk": 24, "model": "gstudio.nid", "fields": {"title": "geographical collection"}}, {"pk": 25, "model": "gstudio.nid", "fields": {"title": "geographical facts of India"}}, {"pk": 26, "model": "gstudio.nid", "fields": {"title": "population change"}}, {"pk": 27, "model": "gstudio.nid", "fields": {"title": "the population of Mumbai is 21245000"}}, {"pk": 28, "model": "gstudio.nid", "fields": {"title": "population change of mumbai"}}, {"pk": 1, "model": "gstudio.node", "fields": {"rating_score": 0, "altnames": "human being", "plural": "pesons", "rating_votes": 0}}, {"pk": 2, "model": "gstudio.node", "fields": {"rating_score": 0, "altnames": "abstract term", "plural": null, "rating_votes": 0}}, {"pk": 3, "model": "gstudio.node", "fields": {"rating_score": 0, "altnames": "location", "plural": "places", "rating_votes": 0}}, {"pk": 4, "model": "gstudio.node", "fields": {"rating_score": 0, "altnames": "nation", "plural": "countries", "rating_votes": 0}}, {"pk": 5, "model": "gstudio.node", "fields": {"rating_score": 0, "altnames": "metropolis", "plural": "cities", "rating_votes": 0}}, {"pk": 6, "model": "gstudio.node", "fields": {"rating_score": 0, "altnames": "", "plural": null, "rating_votes": 0}}, {"pk": 7, "model": "gstudio.node", "fields": {"rating_score": 0, "altnames": "resides in", "plural": null, "rating_votes": 0}}, {"pk": 8, "model": "gstudio.node", "fields": {"rating_score": 0, "altnames": "", "plural": null, "rating_votes": 0}}, {"pk": 9, "model": "gstudio.node", "fields": {"rating_score": 0, "altnames": "Bharat", "plural": null, "rating_votes": 0}}, {"pk": 10, "model": "gstudio.node", "fields": {"rating_score": 0, "altnames": "", "plural": null, "rating_votes": 0}}, {"pk": 11, "model": "gstudio.node", "fields": {"rating_score": 0, "altnames": "", "plural": null, "rating_votes": 0}}, {"pk": 13, "model": "gstudio.node", "fields": {"rating_score": 0, "altnames": "", "plural": null, "rating_votes": 0}}, {"pk": 15, "model": "gstudio.node", "fields": {"rating_score": 0, "altnames": "", "plural": null, "rating_votes": 0}}, {"pk": 16, "model": "gstudio.node", "fields": {"rating_score": 0, "altnames": "had home in", "plural": null, "rating_votes": 0}}, {"pk": 17, "model": "gstudio.node", "fields": {"rating_score": 0, "altnames": "", "plural": null, "rating_votes": 0}}, {"pk": 22, "model": "gstudio.node", "fields": {"rating_score": 0, "altnames": "", "plural": null, "rating_votes": 0}}, {"pk": 24, "model": "gstudio.node", "fields": {"rating_score": 0, "altnames": "", "plural": null, "rating_votes": 0}}, {"pk": 25, "model": "gstudio.node", "fields": {"rating_score": 0, "altnames": "", "plural": null, "rating_votes": 0}}, {"pk": 26, "model": "gstudio.node", "fields": {"rating_score": 0, "altnames": "", "plural": null, "rating_votes": 0}}, {"pk": 28, "model": "gstudio.node", "fields": {"rating_score": 0, "altnames": "", "plural": null, "rating_votes": 0}}, {"pk": 12, "model": "gstudio.edge", "fields": {}}, {"pk": 14, "model": "gstudio.edge", "fields": {}}, {"pk": 18, "model": "gstudio.edge", "fields": {}}, {"pk": 19, "model": "gstudio.edge", "fields": {}}, {"pk": 20, "model": "gstudio.edge", "fields": {}}, {"pk": 21, "model": "gstudio.edge", "fields": {}}, {"pk": 23, "model": "gstudio.edge", "fields": {}}, {"pk": 27, "model": "gstudio.edge", "fields": {}}, {"pk": 2, "model": "gstudio.metatype", "fields": {"rght": 2, "description": "the class of all concepts", "parent": null, "level": 0, "lft": 1, "tree_id": 1, "slug": "concept-class"}}, {"pk": 26, "model": "gstudio.nodetype", "fields": {"rght": 2, "posteriornodes": [], "image": "", "metatypes": [], "excerpt": "", "creation_date": "2011-12-07 05:41:16", "lft": 1, "featured": false, "pingback_enabled": true, "priornodes": [], "comment_enabled": true, "login_required": false, "sites": [1], "last_update": "2011-12-07 05:45:08", "content": "", "template": "gstudio/nodetype_detail.html", "tree_id": 5, "end_publication": "2042-03-15 00:00:00", "start_publication": "2011-12-07 05:41:16", "status": 2, "parent": null, "tags": "", "authors": [1], "password": "", "slug": "population-change", "level": 0}}, {"pk": 24, "model": "gstudio.nodetype", "fields": {"rght": 2, "posteriornodes": [], "image": "", "metatypes": [], "excerpt": "", "creation_date": "2011-12-07 04:34:03", "lft": 1, "featured": false, "pingback_enabled": true, "priornodes": [], "comment_enabled": true, "login_required": false, "sites": [1], "last_update": "2011-12-07 04:36:18", "content": "", "template": "gstudio/nodetype_detail.html", "tree_id": 4, "end_publication": "2042-03-15 00:00:00", "start_publication": "2011-12-07 04:34:03", "status": 2, "parent": null, "tags": "", "authors": [1], "password": "", "slug": "geographical-collection", "level": 0}}, {"pk": 22, "model": "gstudio.nodetype", "fields": {"rght": 2, "posteriornodes": [], "image": "", "metatypes": [], "excerpt": "", "creation_date": "2011-12-07 04:22:38", "lft": 1, "featured": false, "pingback_enabled": true, "priornodes": [], "comment_enabled": true, "login_required": false, "sites": [], "last_update": "2011-12-07 04:27:49", "content": "", "template": "gstudio/nodetype_detail.html", "tree_id": 3, "end_publication": "2042-03-15 00:00:00", "start_publication": "2011-12-07 04:22:38", "status": 2, "parent": null, "tags": "", "authors": [1], "password": "", "slug": "times", "level": 0}}, {"pk": 16, "model": "gstudio.nodetype", "fields": {"rght": 3, "posteriornodes": [], "image": "", "metatypes": [], "excerpt": "", "creation_date": "2011-12-07 04:08:04", "lft": 2, "featured": false, "pingback_enabled": true, "priornodes": [], "comment_enabled": true, "login_required": false, "sites": [], "last_update": "2011-12-07 04:09:46", "content": "", "template": "gstudio/nodetype_detail.html", "tree_id": 2, "end_publication": "2042-03-15 00:00:00", "start_publication": "2011-12-07 04:08:04", "status": 2, "parent": 7, "tags": "", "authors": [1], "password": "", "slug": "lived", "level": 1}}, {"pk": 15, "model": "gstudio.nodetype", "fields": {"rght": 2, "posteriornodes": [], "image": "", "metatypes": [], "excerpt": "", "creation_date": "2011-12-07 04:03:48", "lft": 1, "featured": false, "pingback_enabled": true, "priornodes": [], "comment_enabled": true, "login_required": false, "sites": [1], "last_update": "2011-12-07 04:07:31", "content": "", "template": "gstudio/nodetype_detail.html", "tree_id": 1, "end_publication": "2042-03-15 00:00:00", "start_publication": "2011-12-07 04:03:48", "status": 2, "parent": null, "tags": "", "authors": [1], "password": "", "slug": "population", "level": 0}}, {"pk": 7, "model": "gstudio.nodetype", "fields": {"rght": 2, "posteriornodes": [], "image": "", "metatypes": [], "excerpt": "", "creation_date": "2011-12-07 02:45:01", "lft": 1, "featured": false, "pingback_enabled": true, "priornodes": [], "comment_enabled": true, "login_required": false, "sites": [], "last_update": "2011-12-07 02:46:40", "content": "", "template": "gstudio/nodetype_detail.html", "tree_id": 2, "end_publication": "2042-03-15 00:00:00", "start_publication": "2011-12-07 02:45:01", "status": 2, "parent": null, "tags": "", "authors": [1], "password": "", "slug": "lives", "level": 0}}, {"pk": 6, "model": "gstudio.nodetype", "fields": {"rght": 2, "posteriornodes": [], "image": "", "metatypes": [], "excerpt": "", "creation_date": "2011-12-07 02:16:54", "lft": 1, "featured": false, "pingback_enabled": true, "priornodes": [], "comment_enabled": true, "login_required": false, "sites": [], "last_update": "2011-12-07 02:19:08", "content": "", "template": "gstudio/nodetype_detail.html", "tree_id": 1, "end_publication": "2042-03-15 00:00:00", "start_publication": "2011-12-07 02:16:54", "status": 2, "parent": null, "tags": "", "authors": [1], "password": "", "slug": "capital-of", "level": 0}}, {"pk": 5, "model": "gstudio.nodetype", "fields": {"rght": 3, "posteriornodes": [], "image": "", "metatypes": [2], "excerpt": "", "creation_date": "2011-12-07 02:10:54", "lft": 2, "featured": false, "pingback_enabled": true, "priornodes": [], "comment_enabled": true, "login_required": false, "sites": [1], "last_update": "2011-12-07 02:11:24", "content": "", "template": "gstudio/nodetype_detail.html", "tree_id": 2, "end_publication": "2042-03-15 00:00:00", "start_publication": "2011-12-07 02:10:54", "status": 2, "parent": 3, "tags": "", "authors": [1], "password": "", "slug": "city", "level": 1}}, {"pk": 4, "model": "gstudio.nodetype", "fields": {"rght": 5, "posteriornodes": [], "image": "", "metatypes": [2], "excerpt": "", "creation_date": "2011-12-07 02:08:37", "lft": 4, "featured": false, "pingback_enabled": true, "priornodes": [], "comment_enabled": true, "login_required": false, "sites": [1], "last_update": "2011-12-07 02:10:44", "content": "", "template": "gstudio/nodetype_detail.html", "tree_id": 2, "end_publication": "2042-03-15 00:00:00", "start_publication": "2011-12-07 02:08:37", "status": 2, "parent": 3, "tags": "", "authors": [1], "password": "", "slug": "country", "level": 1}}, {"pk": 3, "model": "gstudio.nodetype", "fields": {"rght": 6, "posteriornodes": [], "image": "", "metatypes": [2], "excerpt": "", "creation_date": "2011-12-07 02:07:58", "lft": 1, "featured": false, "pingback_enabled": true, "priornodes": [], "comment_enabled": true, "login_required": false, "sites": [1], "last_update": "2011-12-07 02:08:28", "content": "", "template": "gstudio/nodetype_detail.html", "tree_id": 2, "end_publication": "2042-03-15 00:00:00", "start_publication": "2011-12-07 02:07:58", "status": 2, "parent": null, "tags": "", "authors": [1], "password": "", "slug": "place", "level": 0}}, {"pk": 1, "model": "gstudio.nodetype", "fields": {"rght": 2, "posteriornodes": [], "image": "", "metatypes": [2], "excerpt": "", "creation_date": "2011-12-07 01:38:11", "lft": 1, "featured": false, "pingback_enabled": true, "priornodes": [], "comment_enabled": true, "login_required": false, "sites": [1], "last_update": "2011-12-07 02:07:53", "content": "", "template": "gstudio/nodetype_detail.html", "tree_id": 1, "end_publication": "2042-03-15 00:00:00", "start_publication": "2011-12-07 01:38:11", "status": 2, "parent": null, "tags": "", "authors": [1], "password": "", "slug": "person", "level": 0}}, {"pk": 5, "model": "gstudio.objecttype", "fields": {"priornodes": [], "posteriornodes": [], "metatypes": [2], "sites": [1], "lft": 2, "authors": [1]}}, {"pk": 4, "model": "gstudio.objecttype", "fields": {"priornodes": [], "posteriornodes": [], "metatypes": [2], "sites": [1], "lft": 2, "authors": [1]}}, {"pk": 3, "model": "gstudio.objecttype", "fields": {"priornodes": [], "posteriornodes": [], "metatypes": [2], "sites": [1], "lft": 1, "authors": [1]}}, {"pk": 1, "model": "gstudio.objecttype", "fields": {"priornodes": [], "posteriornodes": [], "metatypes": [2], "sites": [1], "lft": 1, "authors": [1]}}, {"pk": 22, "model": "gstudio.edgetype", "fields": {"priornodes": [], "authors": [1], "posteriornodes": [], "sites": [], "metatypes": []}}, {"pk": 16, "model": "gstudio.edgetype", "fields": {"priornodes": [], "authors": [1], "posteriornodes": [], "sites": [], "metatypes": []}}, {"pk": 15, "model": "gstudio.edgetype", "fields": {"priornodes": [], "authors": [1], "posteriornodes": [], "sites": [1], "metatypes": []}}, {"pk": 7, "model": "gstudio.edgetype", "fields": {"priornodes": [], "authors": [1], "posteriornodes": [], "sites": [], "metatypes": []}}, {"pk": 6, "model": "gstudio.edgetype", "fields": {"priornodes": [], "authors": [1], "posteriornodes": [], "sites": [], "metatypes": []}}, {"pk": 22, "model": "gstudio.relationtype", "fields": {"rght": 2, "inverse": "portions of", "cardinalityLeft": null, "isTransitive": false, "cardinalityRight": null, "level": 0, "isSymmetrical": false, "sites": [], "metatypes": [], "lft": 1, "posteriornodes": [], "subjecttypeLeft": 15, "priornodes": [], "subjecttypeRight": 15, "applicablenodetypes1": "OT", "authors": [1], "applicablenodetypes2": "OT", "tree_id": 3, "isReflexive": false}}, {"pk": 16, "model": "gstudio.relationtype", "fields": {"rght": 3, "inverse": "had resident", "cardinalityLeft": null, "isTransitive": null, "cardinalityRight": null, "level": 1, "isSymmetrical": null, "sites": [], "metatypes": [], "lft": 2, "posteriornodes": [], "subjecttypeLeft": 1, "priornodes": [], "subjecttypeRight": 3, "applicablenodetypes1": "OT", "authors": [1], "applicablenodetypes2": "OT", "tree_id": 2, "isReflexive": null}}, {"pk": 7, "model": "gstudio.relationtype", "fields": {"rght": 4, "inverse": "living place of", "cardinalityLeft": null, "isTransitive": null, "cardinalityRight": null, "level": 0, "isSymmetrical": null, "sites": [], "metatypes": [], "lft": 1, "posteriornodes": [], "subjecttypeLeft": 1, "priornodes": [], "subjecttypeRight": 3, "applicablenodetypes1": "OT", "authors": [1], "applicablenodetypes2": "OT", "tree_id": 2, "isReflexive": null}}, {"pk": 6, "model": "gstudio.relationtype", "fields": {"rght": 2, "inverse": "has capital", "cardinalityLeft": 1, "isTransitive": false, "cardinalityRight": 1, "level": 0, "isSymmetrical": false, "sites": [], "metatypes": [], "lft": 1, "posteriornodes": [], "subjecttypeLeft": 5, "priornodes": [], "subjecttypeRight": 4, "applicablenodetypes1": "OT", "authors": [1], "applicablenodetypes2": "OT", "tree_id": 1, "isReflexive": false}}, {"pk": 15, "model": "gstudio.attributetype", "fields": {"rght": 2, "posteriornodes": [], "validators": [], "metatypes": [], "lft": 1, "max_digits": null, "blank": null, "help_text": "", "null": null, "priornodes": [], "subjecttype": 3, "upload_to": "", "sites": [1], "label": null, "auto_now": null, "tree_id": 1, "verbose_name": "", "verify_exists": null, "dataType": "6", "editable": null, "applicablenodetypes": "OT", "authors": [1], "auto_now_add": null, "path": "", "unique": null, "min_length": null, "decimal_places": null, "level": 0, "default": null, "required": null}}, {"pk": 12, "model": "gstudio.relation", "fields": {"subject1Scope": "", "relationTypeScope": "", "subject1": 11, "subject2": 9, "relationtype": 6, "objectScope": ""}}, {"pk": 14, "model": "gstudio.relation", "fields": {"subject1Scope": "", "relationTypeScope": "mostly", "subject1": 13, "subject2": 10, "relationtype": 7, "objectScope": ""}}, {"pk": 18, "model": "gstudio.relation", "fields": {"subject1Scope": "", "relationTypeScope": "", "subject1": 8, "subject2": 17, "relationtype": 16, "objectScope": "several locations of"}}, {"pk": 23, "model": "gstudio.relation", "fields": {"subject1Scope": "", "relationTypeScope": "three", "subject1": 20, "subject2": 21, "relationtype": 22, "objectScope": "more than"}}, {"pk": 19, "model": "gstudio.attribute", "fields": {"svalue": "1210193422", "attributeTypeScope": "", "valueScope": "", "attributeType": 15, "subjectScope": "", "subject": 9}}, {"pk": 20, "model": "gstudio.attribute", "fields": {"svalue": "20245000", "attributeTypeScope": "", "valueScope": "", "attributeType": 15, "subjectScope": "", "subject": 10}}, {"pk": 21, "model": "gstudio.attribute", "fields": {"svalue": "7825200", "attributeTypeScope": "", "valueScope": "", "attributeType": 15, "subjectScope": "", "subject": 17}}, {"pk": 27, "model": "gstudio.attribute", "fields": {"svalue": "21245000", "attributeTypeScope": "", "valueScope": "", "attributeType": 15, "subjectScope": "", "subject": 10}}, {"pk": 26, "model": "gstudio.processtype", "fields": {"priornodes": [], "posteriornodes": [], "relationtype_set": [], "metatypes": [], "sites": [1], "attributetype_set": [15], "lft": 1, "authors": [1]}}, {"pk": 24, "model": "gstudio.systemtype", "fields": {"priornodes": [], "posteriornodes": [], "relationtype_set": [], "metatype_set": [], "nodetype_set": [], "metatypes": [], "sites": [1], "processtype_set": [], "attributetype_set": [], "lft": 1, "authors": [1]}}, {"pk": 28, "model": "objectapp.gbobject", "fields": {"status": 2, "priornodes": [], "password": "", "end_publication": "2042-03-15 00:00:00", "posteriornodes": [], "template": "objectapp/gbobject_detail.html", "comment_enabled": true, "tags": "", "image": "", "login_required": false, "excerpt": "", "sites": [1], "objecttypes": [], "creation_date": "2011-12-07 05:47:16", "content": "", "featured": false, "start_publication": "2011-12-07 05:47:16", "pingback_enabled": true, "authors": [1], "last_update": "2011-12-07 05:48:14", "slug": "population-change-mumbai"}}, {"pk": 25, "model": "objectapp.gbobject", "fields": {"status": 2, "priornodes": [], "password": "", "end_publication": "2042-03-15 00:00:00", "posteriornodes": [], "template": "objectapp/gbobject_detail.html", "comment_enabled": true, "tags": "", "image": "", "login_required": false, "excerpt": "", "sites": [1], "objecttypes": [], "creation_date": "2011-12-07 04:36:29", "content": "", "featured": false, "start_publication": "2011-12-07 04:36:29", "pingback_enabled": true, "authors": [1], "last_update": "2011-12-07 04:38:45", "slug": "geographical-facts-india"}}, {"pk": 17, "model": "objectapp.gbobject", "fields": {"status": 2, "priornodes": [], "password": "", "end_publication": "2042-03-15 00:00:00", "posteriornodes": [], "template": "objectapp/gbobject_detail.html", "comment_enabled": true, "tags": "", "image": "", "login_required": false, "excerpt": "", "sites": [1], "objecttypes": [5], "creation_date": "2011-12-07 04:11:03", "content": "", "featured": false, "start_publication": "2011-12-07 04:11:03", "pingback_enabled": true, "authors": [1], "last_update": "2011-12-07 04:11:34", "slug": "london"}}, {"pk": 13, "model": "objectapp.gbobject", "fields": {"status": 2, "priornodes": [], "password": "", "end_publication": "2042-03-15 00:00:00", "posteriornodes": [], "template": "objectapp/gbobject_detail.html", "comment_enabled": true, "tags": "", "image": "", "login_required": false, "excerpt": "", "sites": [1], "objecttypes": [1], "creation_date": "2011-12-07 02:53:25", "content": "", "featured": false, "start_publication": "2011-12-07 02:53:25", "pingback_enabled": true, "authors": [1], "last_update": "2011-12-07 02:54:08", "slug": "nagarjuna"}}, {"pk": 11, "model": "objectapp.gbobject", "fields": {"status": 2, "priornodes": [], "password": "", "end_publication": "2042-03-15 00:00:00", "posteriornodes": [], "template": "objectapp/gbobject_detail.html", "comment_enabled": true, "tags": "", "image": "", "login_required": false, "excerpt": "", "sites": [1], "objecttypes": [5], "creation_date": "2011-12-07 02:51:24", "content": "", "featured": false, "start_publication": "2011-12-07 02:51:24", "pingback_enabled": true, "authors": [1], "last_update": "2011-12-07 02:51:40", "slug": "new-delhi"}}, {"pk": 10, "model": "objectapp.gbobject", "fields": {"status": 2, "priornodes": [], "password": "", "end_publication": "2042-03-15 00:00:00", "posteriornodes": [], "template": "objectapp/gbobject_detail.html", "comment_enabled": true, "tags": "", "image": "", "login_required": false, "excerpt": "", "sites": [1], "objecttypes": [5], "creation_date": "2011-12-07 02:50:55", "content": "", "featured": false, "start_publication": "2011-12-07 02:50:55", "pingback_enabled": true, "authors": [1], "last_update": "2011-12-07 02:51:11", "slug": "mu"}}, {"pk": 9, "model": "objectapp.gbobject", "fields": {"status": 2, "priornodes": [], "password": "", "end_publication": "2042-03-15 00:00:00", "posteriornodes": [], "template": "objectapp/gbobject_detail.html", "comment_enabled": true, "tags": "", "image": "", "login_required": false, "excerpt": "", "sites": [1], "objecttypes": [4], "creation_date": "2011-12-07 02:49:25", "content": "", "featured": false, "start_publication": "2011-12-07 02:49:25", "pingback_enabled": true, "authors": [1], "last_update": "2011-12-07 02:50:25", "slug": "india"}}, {"pk": 8, "model": "objectapp.gbobject", "fields": {"status": 2, "priornodes": [], "password": "", "end_publication": "2042-03-15 00:00:00", "posteriornodes": [], "template": "objectapp/gbobject_detail.html", "comment_enabled": true, "tags": "", "image": "", "login_required": false, "excerpt": "", "sites": [1], "objecttypes": [1], "creation_date": "2011-12-07 02:47:35", "content": "", "featured": false, "start_publication": "2011-12-07 02:47:35", "pingback_enabled": true, "authors": [1], "last_update": "2011-12-07 02:48:29", "slug": "charles-darwin"}}, {"pk": 28, "model": "objectapp.process", "fields": {"priornodes": [], "poststate_relation_set": [], "posteriornodes": [], "objecttypes": [], "sites": [1], "poststate_attribute_set": [27], "priorstate_relation_set": [], "authors": [1], "processtypes": [26], "priorstate_attribute_set": [20]}}, {"pk": 25, "model": "objectapp.system", "fields": {"priornodes": [], "object_set": [11, 10, 9], "posteriornodes": [], "objecttypes": [], "sites": [1], "systemtypes": [24], "process_set": [], "attribute_set": [19, 20], "authors": [1], "system_set": [], "relation_set": [12, 23]}}, {"pk": 1, "model": "reversion.revision", "fields": {"comment": "Initial version.", "date_created": "2011-12-07 01:38:16", "manager_slug": "default", "user": 1}}, {"pk": 2, "model": "reversion.revision", "fields": {"comment": "Initial version.", "date_created": "2011-12-07 02:06:44", "manager_slug": "default", "user": 1}}, {"pk": 3, "model": "reversion.revision", "fields": {"comment": "Changed altnames, plural and metatypes.", "date_created": "2011-12-07 02:07:53", "manager_slug": "default", "user": 1}}, {"pk": 4, "model": "reversion.revision", "fields": {"comment": "Initial version.", "date_created": "2011-12-07 02:08:28", "manager_slug": "default", "user": 1}}, {"pk": 5, "model": "reversion.revision", "fields": {"comment": "Initial version.", "date_created": "2011-12-07 02:10:45", "manager_slug": "default", "user": 1}}, {"pk": 6, "model": "reversion.revision", "fields": {"comment": "Initial version.", "date_created": "2011-12-07 02:11:24", "manager_slug": "default", "user": 1}}, {"pk": 7, "model": "reversion.revision", "fields": {"comment": "Initial version.", "date_created": "2011-12-07 02:19:08", "manager_slug": "default", "user": 1}}, {"pk": 8, "model": "reversion.revision", "fields": {"comment": "Initial version.", "date_created": "2011-12-07 02:46:40", "manager_slug": "default", "user": 1}}, {"pk": 9, "model": "reversion.revision", "fields": {"comment": "Initial version.", "date_created": "2011-12-07 02:48:30", "manager_slug": "default", "user": 1}}, {"pk": 10, "model": "reversion.revision", "fields": {"comment": "Initial version.", "date_created": "2011-12-07 02:50:09", "manager_slug": "default", "user": 1}}, {"pk": 11, "model": "reversion.revision", "fields": {"comment": "Changed altnames.", "date_created": "2011-12-07 02:50:26", "manager_slug": "default", "user": 1}}, {"pk": 12, "model": "reversion.revision", "fields": {"comment": "Initial version.", "date_created": "2011-12-07 02:51:11", "manager_slug": "default", "user": 1}}, {"pk": 13, "model": "reversion.revision", "fields": {"comment": "Initial version.", "date_created": "2011-12-07 02:51:40", "manager_slug": "default", "user": 1}}, {"pk": 14, "model": "reversion.revision", "fields": {"comment": "Initial version.", "date_created": "2011-12-07 02:52:45", "manager_slug": "default", "user": 1}}, {"pk": 15, "model": "reversion.revision", "fields": {"comment": "Initial version.", "date_created": "2011-12-07 02:54:09", "manager_slug": "default", "user": 1}}, {"pk": 16, "model": "reversion.revision", "fields": {"comment": "Initial version.", "date_created": "2011-12-07 02:55:08", "manager_slug": "default", "user": 1}}, {"pk": 17, "model": "reversion.revision", "fields": {"comment": "Initial version.", "date_created": "2011-12-07 04:07:31", "manager_slug": "default", "user": 1}}, {"pk": 18, "model": "reversion.revision", "fields": {"comment": "Initial version.", "date_created": "2011-12-07 04:09:46", "manager_slug": "default", "user": 1}}, {"pk": 19, "model": "reversion.revision", "fields": {"comment": "Initial version.", "date_created": "2011-12-07 04:11:35", "manager_slug": "default", "user": 1}}, {"pk": 20, "model": "reversion.revision", "fields": {"comment": "Initial version.", "date_created": "2011-12-07 04:14:41", "manager_slug": "default", "user": 1}}, {"pk": 21, "model": "reversion.revision", "fields": {"comment": "Initial version.", "date_created": "2011-12-07 04:20:13", "manager_slug": "default", "user": 1}}, {"pk": 22, "model": "reversion.revision", "fields": {"comment": "Initial version.", "date_created": "2011-12-07 04:21:13", "manager_slug": "default", "user": 1}}, {"pk": 23, "model": "reversion.revision", "fields": {"comment": "Initial version.", "date_created": "2011-12-07 04:22:01", "manager_slug": "default", "user": 1}}, {"pk": 24, "model": "reversion.revision", "fields": {"comment": "Initial version.", "date_created": "2011-12-07 04:27:50", "manager_slug": "default", "user": 1}}, {"pk": 25, "model": "reversion.revision", "fields": {"comment": "Initial version.", "date_created": "2011-12-07 04:29:09", "manager_slug": "default", "user": 1}}, {"pk": 26, "model": "reversion.revision", "fields": {"comment": "Initial version.", "date_created": "2011-12-07 04:36:18", "manager_slug": "default", "user": 1}}, {"pk": 27, "model": "reversion.revision", "fields": {"comment": "Initial version.", "date_created": "2011-12-07 04:38:46", "manager_slug": "default", "user": 1}}, {"pk": 28, "model": "reversion.revision", "fields": {"comment": "Initial version.", "date_created": "2011-12-07 05:45:08", "manager_slug": "default", "user": 1}}, {"pk": 29, "model": "reversion.revision", "fields": {"comment": "Initial version.", "date_created": "2011-12-07 05:46:49", "manager_slug": "default", "user": 1}}, {"pk": 30, "model": "reversion.revision", "fields": {"comment": "Initial version.", "date_created": "2011-12-07 05:48:14", "manager_slug": "default", "user": 1}}, {"pk": 1, "model": "reversion.version", "fields": {"format": "json", "object_repr": "person", "object_id": "1", "content_type": 18, "object_id_int": 1, "type": 0, "serialized_data": "[{\"pk\": 1, \"model\": \"gstudio.objecttype\", \"fields\": {\"lft\": 1}}]", "revision": 1}}, {"pk": 2, "model": "reversion.version", "fields": {"format": "json", "object_repr": "concept class", "object_id": "2", "content_type": 16, "object_id_int": 2, "type": 0, "serialized_data": "[{\"pk\": 2, \"model\": \"gstudio.metatype\", \"fields\": {\"rght\": 2, \"description\": \"the class of all concepts\", \"parent\": null, \"level\": 0, \"lft\": 1, \"tree_id\": 1, \"slug\": \"concept-class\"}}]", "revision": 2}}, {"pk": 3, "model": "reversion.version", "fields": {"format": "json", "object_repr": "person", "object_id": "1", "content_type": 18, "object_id_int": 1, "type": 1, "serialized_data": "[{\"pk\": 1, \"model\": \"gstudio.objecttype\", \"fields\": {\"lft\": 1}}]", "revision": 3}}, {"pk": 4, "model": "reversion.version", "fields": {"format": "json", "object_repr": "place", "object_id": "3", "content_type": 18, "object_id_int": 3, "type": 0, "serialized_data": "[{\"pk\": 3, \"model\": \"gstudio.objecttype\", \"fields\": {\"lft\": 1}}]", "revision": 4}}, {"pk": 5, "model": "reversion.version", "fields": {"format": "json", "object_repr": "country", "object_id": "4", "content_type": 18, "object_id_int": 4, "type": 0, "serialized_data": "[{\"pk\": 4, \"model\": \"gstudio.objecttype\", \"fields\": {\"lft\": 2}}]", "revision": 5}}, {"pk": 6, "model": "reversion.version", "fields": {"format": "json", "object_repr": "city", "object_id": "5", "content_type": 18, "object_id_int": 5, "type": 0, "serialized_data": "[{\"pk\": 5, \"model\": \"gstudio.objecttype\", \"fields\": {\"lft\": 2}}]", "revision": 6}}, {"pk": 7, "model": "reversion.version", "fields": {"format": "json", "object_repr": "country", "object_id": "4", "content_type": 13, "object_id_int": 4, "type": 1, "serialized_data": "[{\"pk\": 4, \"model\": \"gstudio.nid\", \"fields\": {\"title\": \"country\"}}]", "revision": 7}}, {"pk": 8, "model": "reversion.version", "fields": {"format": "json", "object_repr": "city", "object_id": "5", "content_type": 13, "object_id_int": 5, "type": 1, "serialized_data": "[{\"pk\": 5, \"model\": \"gstudio.nid\", \"fields\": {\"title\": \"city\"}}]", "revision": 7}}, {"pk": 9, "model": "reversion.version", "fields": {"format": "json", "object_repr": "capital of", "object_id": "6", "content_type": 20, "object_id_int": 6, "type": 0, "serialized_data": "[{\"pk\": 6, \"model\": \"gstudio.relationtype\", \"fields\": {\"rght\": 2, \"inverse\": \"has capital\", \"cardinalityLeft\": 1, \"isTransitive\": false, \"cardinalityRight\": 1, \"level\": 0, \"isSymmetrical\": false, \"lft\": 1, \"subjecttypeLeft\": 5, \"subjecttypeRight\": 4, \"applicablenodetypes1\": \"OT\", \"applicablenodetypes2\": \"OT\", \"tree_id\": 1, \"isReflexive\": false}}]", "revision": 7}}, {"pk": 10, "model": "reversion.version", "fields": {"format": "json", "object_repr": "person", "object_id": "1", "content_type": 13, "object_id_int": 1, "type": 1, "serialized_data": "[{\"pk\": 1, \"model\": \"gstudio.nid\", \"fields\": {\"title\": \"person\"}}]", "revision": 8}}, {"pk": 11, "model": "reversion.version", "fields": {"format": "json", "object_repr": "place", "object_id": "3", "content_type": 13, "object_id_int": 3, "type": 1, "serialized_data": "[{\"pk\": 3, \"model\": \"gstudio.nid\", \"fields\": {\"title\": \"place\"}}]", "revision": 8}}, {"pk": 12, "model": "reversion.version", "fields": {"format": "json", "object_repr": "lives in", "object_id": "7", "content_type": 20, "object_id_int": 7, "type": 0, "serialized_data": "[{\"pk\": 7, \"model\": \"gstudio.relationtype\", \"fields\": {\"rght\": 2, \"inverse\": \"living place of\", \"cardinalityLeft\": null, \"isTransitive\": null, \"cardinalityRight\": null, \"level\": 0, \"isSymmetrical\": null, \"lft\": 1, \"subjecttypeLeft\": 1, \"subjecttypeRight\": 3, \"applicablenodetypes1\": \"OT\", \"applicablenodetypes2\": \"OT\", \"tree_id\": 2, \"isReflexive\": null}}]", "revision": 8}}, {"pk": 13, "model": "reversion.version", "fields": {"format": "json", "object_repr": "Charles Darwin", "object_id": "8", "content_type": 52, "object_id_int": 8, "type": 0, "serialized_data": "[{\"pk\": 8, \"model\": \"objectapp.gbobject\", \"fields\": {\"status\": 2, \"priornodes\": [], \"password\": \"\", \"end_publication\": \"2042-03-15 00:00:00\", \"posteriornodes\": [], \"template\": \"objectapp/gbobject_detail.html\", \"comment_enabled\": true, \"tags\": \"\", \"image\": \"\", \"login_required\": false, \"excerpt\": \"\", \"sites\": [], \"objecttypes\": [], \"creation_date\": \"2011-12-07 02:47:35\", \"content\": \"\", \"featured\": false, \"start_publication\": \"2011-12-07 02:47:35\", \"pingback_enabled\": true, \"authors\": [], \"last_update\": \"2011-12-07 02:48:29\", \"slug\": \"charles-darwin\"}}]", "revision": 9}}, {"pk": 14, "model": "reversion.version", "fields": {"format": "json", "object_repr": "person", "object_id": "1", "content_type": 17, "object_id_int": 1, "type": 1, "serialized_data": "[{\"pk\": 1, \"model\": \"gstudio.nodetype\", \"fields\": {\"rght\": 2, \"posteriornodes\": [], \"image\": \"\", \"metatypes\": [2], \"excerpt\": \"\", \"creation_date\": \"2011-12-07 01:38:11\", \"lft\": 1, \"featured\": false, \"pingback_enabled\": true, \"priornodes\": [], \"comment_enabled\": true, \"login_required\": false, \"sites\": [1], \"last_update\": \"2011-12-07 02:07:53\", \"content\": \"\", \"template\": \"gstudio/nodetype_detail.html\", \"tree_id\": 1, \"end_publication\": \"2042-03-15 00:00:00\", \"start_publication\": \"2011-12-07 01:38:11\", \"status\": 2, \"parent\": null, \"tags\": \"\", \"authors\": [1], \"password\": \"\", \"slug\": \"person\", \"level\": 0}}]", "revision": 9}}, {"pk": 15, "model": "reversion.version", "fields": {"format": "json", "object_repr": "concept class", "object_id": "2", "content_type": 16, "object_id_int": 2, "type": 1, "serialized_data": "[{\"pk\": 2, \"model\": \"gstudio.metatype\", \"fields\": {\"rght\": 2, \"description\": \"the class of all concepts\", \"parent\": null, \"level\": 0, \"lft\": 1, \"tree_id\": 1, \"slug\": \"concept-class\"}}]", "revision": 9}}, {"pk": 16, "model": "reversion.version", "fields": {"format": "json", "object_repr": "India", "object_id": "9", "content_type": 52, "object_id_int": 9, "type": 0, "serialized_data": "[{\"pk\": 9, \"model\": \"objectapp.gbobject\", \"fields\": {\"status\": 2, \"priornodes\": [], \"password\": \"\", \"end_publication\": \"2042-03-15 00:00:00\", \"posteriornodes\": [], \"template\": \"objectapp/gbobject_detail.html\", \"comment_enabled\": true, \"tags\": \"\", \"image\": \"\", \"login_required\": false, \"excerpt\": \"\", \"sites\": [], \"objecttypes\": [], \"creation_date\": \"2011-12-07 02:49:25\", \"content\": \"\", \"featured\": false, \"start_publication\": \"2011-12-07 02:49:25\", \"pingback_enabled\": true, \"authors\": [], \"last_update\": \"2011-12-07 02:50:09\", \"slug\": \"india\"}}]", "revision": 10}}, {"pk": 17, "model": "reversion.version", "fields": {"format": "json", "object_repr": "concept class", "object_id": "2", "content_type": 16, "object_id_int": 2, "type": 1, "serialized_data": "[{\"pk\": 2, \"model\": \"gstudio.metatype\", \"fields\": {\"rght\": 2, \"description\": \"the class of all concepts\", \"parent\": null, \"level\": 0, \"lft\": 1, \"tree_id\": 1, \"slug\": \"concept-class\"}}]", "revision": 10}}, {"pk": 18, "model": "reversion.version", "fields": {"format": "json", "object_repr": "place", "object_id": "3", "content_type": 17, "object_id_int": 3, "type": 1, "serialized_data": "[{\"pk\": 3, \"model\": \"gstudio.nodetype\", \"fields\": {\"rght\": 6, \"posteriornodes\": [], \"image\": \"\", \"metatypes\": [2], \"excerpt\": \"\", \"creation_date\": \"2011-12-07 02:07:58\", \"lft\": 1, \"featured\": false, \"pingback_enabled\": true, \"priornodes\": [], \"comment_enabled\": true, \"login_required\": false, \"sites\": [1], \"last_update\": \"2011-12-07 02:08:28\", \"content\": \"\", \"template\": \"gstudio/nodetype_detail.html\", \"tree_id\": 2, \"end_publication\": \"2042-03-15 00:00:00\", \"start_publication\": \"2011-12-07 02:07:58\", \"status\": 2, \"parent\": null, \"tags\": \"\", \"authors\": [1], \"password\": \"\", \"slug\": \"place\", \"level\": 0}}]", "revision": 10}}, {"pk": 19, "model": "reversion.version", "fields": {"format": "json", "object_repr": "country", "object_id": "4", "content_type": 17, "object_id_int": 4, "type": 1, "serialized_data": "[{\"pk\": 4, \"model\": \"gstudio.nodetype\", \"fields\": {\"rght\": 5, \"posteriornodes\": [], \"image\": \"\", \"metatypes\": [2], \"excerpt\": \"\", \"creation_date\": \"2011-12-07 02:08:37\", \"lft\": 4, \"featured\": false, \"pingback_enabled\": true, \"priornodes\": [], \"comment_enabled\": true, \"login_required\": false, \"sites\": [1], \"last_update\": \"2011-12-07 02:10:44\", \"content\": \"\", \"template\": \"gstudio/nodetype_detail.html\", \"tree_id\": 2, \"end_publication\": \"2042-03-15 00:00:00\", \"start_publication\": \"2011-12-07 02:08:37\", \"status\": 2, \"parent\": 3, \"tags\": \"\", \"authors\": [1], \"password\": \"\", \"slug\": \"country\", \"level\": 1}}]", "revision": 10}}, {"pk": 20, "model": "reversion.version", "fields": {"format": "json", "object_repr": "India", "object_id": "9", "content_type": 52, "object_id_int": 9, "type": 1, "serialized_data": "[{\"pk\": 9, \"model\": \"objectapp.gbobject\", \"fields\": {\"status\": 2, \"priornodes\": [], \"password\": \"\", \"end_publication\": \"2042-03-15 00:00:00\", \"posteriornodes\": [], \"template\": \"objectapp/gbobject_detail.html\", \"comment_enabled\": true, \"tags\": \"\", \"image\": \"\", \"login_required\": false, \"excerpt\": \"\", \"sites\": [1], \"objecttypes\": [4], \"creation_date\": \"2011-12-07 02:49:25\", \"content\": \"\", \"featured\": false, \"start_publication\": \"2011-12-07 02:49:25\", \"pingback_enabled\": true, \"authors\": [1], \"last_update\": \"2011-12-07 02:50:25\", \"slug\": \"india\"}}]", "revision": 11}}, {"pk": 21, "model": "reversion.version", "fields": {"format": "json", "object_repr": "concept class", "object_id": "2", "content_type": 16, "object_id_int": 2, "type": 1, "serialized_data": "[{\"pk\": 2, \"model\": \"gstudio.metatype\", \"fields\": {\"rght\": 2, \"description\": \"the class of all concepts\", \"parent\": null, \"level\": 0, \"lft\": 1, \"tree_id\": 1, \"slug\": \"concept-class\"}}]", "revision": 11}}, {"pk": 22, "model": "reversion.version", "fields": {"format": "json", "object_repr": "place", "object_id": "3", "content_type": 17, "object_id_int": 3, "type": 1, "serialized_data": "[{\"pk\": 3, \"model\": \"gstudio.nodetype\", \"fields\": {\"rght\": 6, \"posteriornodes\": [], \"image\": \"\", \"metatypes\": [2], \"excerpt\": \"\", \"creation_date\": \"2011-12-07 02:07:58\", \"lft\": 1, \"featured\": false, \"pingback_enabled\": true, \"priornodes\": [], \"comment_enabled\": true, \"login_required\": false, \"sites\": [1], \"last_update\": \"2011-12-07 02:08:28\", \"content\": \"\", \"template\": \"gstudio/nodetype_detail.html\", \"tree_id\": 2, \"end_publication\": \"2042-03-15 00:00:00\", \"start_publication\": \"2011-12-07 02:07:58\", \"status\": 2, \"parent\": null, \"tags\": \"\", \"authors\": [1], \"password\": \"\", \"slug\": \"place\", \"level\": 0}}]", "revision": 11}}, {"pk": 23, "model": "reversion.version", "fields": {"format": "json", "object_repr": "country", "object_id": "4", "content_type": 17, "object_id_int": 4, "type": 1, "serialized_data": "[{\"pk\": 4, \"model\": \"gstudio.nodetype\", \"fields\": {\"rght\": 5, \"posteriornodes\": [], \"image\": \"\", \"metatypes\": [2], \"excerpt\": \"\", \"creation_date\": \"2011-12-07 02:08:37\", \"lft\": 4, \"featured\": false, \"pingback_enabled\": true, \"priornodes\": [], \"comment_enabled\": true, \"login_required\": false, \"sites\": [1], \"last_update\": \"2011-12-07 02:10:44\", \"content\": \"\", \"template\": \"gstudio/nodetype_detail.html\", \"tree_id\": 2, \"end_publication\": \"2042-03-15 00:00:00\", \"start_publication\": \"2011-12-07 02:08:37\", \"status\": 2, \"parent\": 3, \"tags\": \"\", \"authors\": [1], \"password\": \"\", \"slug\": \"country\", \"level\": 1}}]", "revision": 11}}, {"pk": 24, "model": "reversion.version", "fields": {"format": "json", "object_repr": "Mumbai", "object_id": "10", "content_type": 52, "object_id_int": 10, "type": 0, "serialized_data": "[{\"pk\": 10, \"model\": \"objectapp.gbobject\", \"fields\": {\"status\": 2, \"priornodes\": [], \"password\": \"\", \"end_publication\": \"2042-03-15 00:00:00\", \"posteriornodes\": [], \"template\": \"objectapp/gbobject_detail.html\", \"comment_enabled\": true, \"tags\": \"\", \"image\": \"\", \"login_required\": false, \"excerpt\": \"\", \"sites\": [], \"objecttypes\": [], \"creation_date\": \"2011-12-07 02:50:55\", \"content\": \"\", \"featured\": false, \"start_publication\": \"2011-12-07 02:50:55\", \"pingback_enabled\": true, \"authors\": [], \"last_update\": \"2011-12-07 02:51:11\", \"slug\": \"mu\"}}]", "revision": 12}}, {"pk": 25, "model": "reversion.version", "fields": {"format": "json", "object_repr": "place", "object_id": "3", "content_type": 17, "object_id_int": 3, "type": 1, "serialized_data": "[{\"pk\": 3, \"model\": \"gstudio.nodetype\", \"fields\": {\"rght\": 6, \"posteriornodes\": [], \"image\": \"\", \"metatypes\": [2], \"excerpt\": \"\", \"creation_date\": \"2011-12-07 02:07:58\", \"lft\": 1, \"featured\": false, \"pingback_enabled\": true, \"priornodes\": [], \"comment_enabled\": true, \"login_required\": false, \"sites\": [1], \"last_update\": \"2011-12-07 02:08:28\", \"content\": \"\", \"template\": \"gstudio/nodetype_detail.html\", \"tree_id\": 2, \"end_publication\": \"2042-03-15 00:00:00\", \"start_publication\": \"2011-12-07 02:07:58\", \"status\": 2, \"parent\": null, \"tags\": \"\", \"authors\": [1], \"password\": \"\", \"slug\": \"place\", \"level\": 0}}]", "revision": 12}}, {"pk": 26, "model": "reversion.version", "fields": {"format": "json", "object_repr": "concept class", "object_id": "2", "content_type": 16, "object_id_int": 2, "type": 1, "serialized_data": "[{\"pk\": 2, \"model\": \"gstudio.metatype\", \"fields\": {\"rght\": 2, \"description\": \"the class of all concepts\", \"parent\": null, \"level\": 0, \"lft\": 1, \"tree_id\": 1, \"slug\": \"concept-class\"}}]", "revision": 12}}, {"pk": 27, "model": "reversion.version", "fields": {"format": "json", "object_repr": "city", "object_id": "5", "content_type": 17, "object_id_int": 5, "type": 1, "serialized_data": "[{\"pk\": 5, \"model\": \"gstudio.nodetype\", \"fields\": {\"rght\": 3, \"posteriornodes\": [], \"image\": \"\", \"metatypes\": [2], \"excerpt\": \"\", \"creation_date\": \"2011-12-07 02:10:54\", \"lft\": 2, \"featured\": false, \"pingback_enabled\": true, \"priornodes\": [], \"comment_enabled\": true, \"login_required\": false, \"sites\": [1], \"last_update\": \"2011-12-07 02:11:24\", \"content\": \"\", \"template\": \"gstudio/nodetype_detail.html\", \"tree_id\": 2, \"end_publication\": \"2042-03-15 00:00:00\", \"start_publication\": \"2011-12-07 02:10:54\", \"status\": 2, \"parent\": 3, \"tags\": \"\", \"authors\": [1], \"password\": \"\", \"slug\": \"city\", \"level\": 1}}]", "revision": 12}}, {"pk": 28, "model": "reversion.version", "fields": {"format": "json", "object_repr": "place", "object_id": "3", "content_type": 17, "object_id_int": 3, "type": 1, "serialized_data": "[{\"pk\": 3, \"model\": \"gstudio.nodetype\", \"fields\": {\"rght\": 6, \"posteriornodes\": [], \"image\": \"\", \"metatypes\": [2], \"excerpt\": \"\", \"creation_date\": \"2011-12-07 02:07:58\", \"lft\": 1, \"featured\": false, \"pingback_enabled\": true, \"priornodes\": [], \"comment_enabled\": true, \"login_required\": false, \"sites\": [1], \"last_update\": \"2011-12-07 02:08:28\", \"content\": \"\", \"template\": \"gstudio/nodetype_detail.html\", \"tree_id\": 2, \"end_publication\": \"2042-03-15 00:00:00\", \"start_publication\": \"2011-12-07 02:07:58\", \"status\": 2, \"parent\": null, \"tags\": \"\", \"authors\": [1], \"password\": \"\", \"slug\": \"place\", \"level\": 0}}]", "revision": 13}}, {"pk": 29, "model": "reversion.version", "fields": {"format": "json", "object_repr": "concept class", "object_id": "2", "content_type": 16, "object_id_int": 2, "type": 1, "serialized_data": "[{\"pk\": 2, \"model\": \"gstudio.metatype\", \"fields\": {\"rght\": 2, \"description\": \"the class of all concepts\", \"parent\": null, \"level\": 0, \"lft\": 1, \"tree_id\": 1, \"slug\": \"concept-class\"}}]", "revision": 13}}, {"pk": 30, "model": "reversion.version", "fields": {"format": "json", "object_repr": "New Delhi", "object_id": "11", "content_type": 52, "object_id_int": 11, "type": 0, "serialized_data": "[{\"pk\": 11, \"model\": \"objectapp.gbobject\", \"fields\": {\"status\": 2, \"priornodes\": [], \"password\": \"\", \"end_publication\": \"2042-03-15 00:00:00\", \"posteriornodes\": [], \"template\": \"objectapp/gbobject_detail.html\", \"comment_enabled\": true, \"tags\": \"\", \"image\": \"\", \"login_required\": false, \"excerpt\": \"\", \"sites\": [], \"objecttypes\": [], \"creation_date\": \"2011-12-07 02:51:24\", \"content\": \"\", \"featured\": false, \"start_publication\": \"2011-12-07 02:51:24\", \"pingback_enabled\": true, \"authors\": [], \"last_update\": \"2011-12-07 02:51:40\", \"slug\": \"new-delhi\"}}]", "revision": 13}}, {"pk": 31, "model": "reversion.version", "fields": {"format": "json", "object_repr": "city", "object_id": "5", "content_type": 17, "object_id_int": 5, "type": 1, "serialized_data": "[{\"pk\": 5, \"model\": \"gstudio.nodetype\", \"fields\": {\"rght\": 3, \"posteriornodes\": [], \"image\": \"\", \"metatypes\": [2], \"excerpt\": \"\", \"creation_date\": \"2011-12-07 02:10:54\", \"lft\": 2, \"featured\": false, \"pingback_enabled\": true, \"priornodes\": [], \"comment_enabled\": true, \"login_required\": false, \"sites\": [1], \"last_update\": \"2011-12-07 02:11:24\", \"content\": \"\", \"template\": \"gstudio/nodetype_detail.html\", \"tree_id\": 2, \"end_publication\": \"2042-03-15 00:00:00\", \"start_publication\": \"2011-12-07 02:10:54\", \"status\": 2, \"parent\": 3, \"tags\": \"\", \"authors\": [1], \"password\": \"\", \"slug\": \"city\", \"level\": 1}}]", "revision": 13}}, {"pk": 32, "model": "reversion.version", "fields": {"format": "json", "object_repr": "country", "object_id": "4", "content_type": 13, "object_id_int": 4, "type": 1, "serialized_data": "[{\"pk\": 4, \"model\": \"gstudio.nid\", \"fields\": {\"title\": \"country\"}}]", "revision": 14}}, {"pk": 33, "model": "reversion.version", "fields": {"format": "json", "object_repr": "city", "object_id": "5", "content_type": 13, "object_id_int": 5, "type": 1, "serialized_data": "[{\"pk\": 5, \"model\": \"gstudio.nid\", \"fields\": {\"title\": \"city\"}}]", "revision": 14}}, {"pk": 34, "model": "reversion.version", "fields": {"format": "json", "object_repr": "capital of", "object_id": "6", "content_type": 20, "object_id_int": 6, "type": 1, "serialized_data": "[{\"pk\": 6, \"model\": \"gstudio.relationtype\", \"fields\": {\"rght\": 2, \"inverse\": \"has capital\", \"cardinalityLeft\": 1, \"isTransitive\": false, \"cardinalityRight\": 1, \"level\": 0, \"isSymmetrical\": false, \"lft\": 1, \"subjecttypeLeft\": 5, \"subjecttypeRight\": 4, \"applicablenodetypes1\": \"OT\", \"applicablenodetypes2\": \"OT\", \"tree_id\": 1, \"isReflexive\": false}}]", "revision": 14}}, {"pk": 35, "model": "reversion.version", "fields": {"format": "json", "object_repr": "India", "object_id": "9", "content_type": 13, "object_id_int": 9, "type": 1, "serialized_data": "[{\"pk\": 9, \"model\": \"gstudio.nid\", \"fields\": {\"title\": \"India\"}}]", "revision": 14}}, {"pk": 36, "model": "reversion.version", "fields": {"format": "json", "object_repr": "New Delhi", "object_id": "11", "content_type": 13, "object_id_int": 11, "type": 1, "serialized_data": "[{\"pk\": 11, \"model\": \"gstudio.nid\", \"fields\": {\"title\": \"New Delhi\"}}]", "revision": 14}}, {"pk": 37, "model": "reversion.version", "fields": {"format": "json", "object_repr": " New Delhi  capital of  India", "object_id": "12", "content_type": 22, "object_id_int": 12, "type": 0, "serialized_data": "[{\"pk\": 12, \"model\": \"gstudio.relation\", \"fields\": {\"subject1Scope\": \"\", \"relationTypeScope\": \"\", \"subject1\": 11, \"subject2\": 9, \"relationtype\": 6, \"objectScope\": \"\"}}]", "revision": 14}}, {"pk": 38, "model": "reversion.version", "fields": {"format": "json", "object_repr": "person", "object_id": "1", "content_type": 17, "object_id_int": 1, "type": 1, "serialized_data": "[{\"pk\": 1, \"model\": \"gstudio.nodetype\", \"fields\": {\"rght\": 2, \"posteriornodes\": [], \"image\": \"\", \"metatypes\": [2], \"excerpt\": \"\", \"creation_date\": \"2011-12-07 01:38:11\", \"lft\": 1, \"featured\": false, \"pingback_enabled\": true, \"priornodes\": [], \"comment_enabled\": true, \"login_required\": false, \"sites\": [1], \"last_update\": \"2011-12-07 02:07:53\", \"content\": \"\", \"template\": \"gstudio/nodetype_detail.html\", \"tree_id\": 1, \"end_publication\": \"2042-03-15 00:00:00\", \"start_publication\": \"2011-12-07 01:38:11\", \"status\": 2, \"parent\": null, \"tags\": \"\", \"authors\": [1], \"password\": \"\", \"slug\": \"person\", \"level\": 0}}]", "revision": 15}}, {"pk": 39, "model": "reversion.version", "fields": {"format": "json", "object_repr": "concept class", "object_id": "2", "content_type": 16, "object_id_int": 2, "type": 1, "serialized_data": "[{\"pk\": 2, \"model\": \"gstudio.metatype\", \"fields\": {\"rght\": 2, \"description\": \"the class of all concepts\", \"parent\": null, \"level\": 0, \"lft\": 1, \"tree_id\": 1, \"slug\": \"concept-class\"}}]", "revision": 15}}, {"pk": 40, "model": "reversion.version", "fields": {"format": "json", "object_repr": "Nagarjuna", "object_id": "13", "content_type": 52, "object_id_int": 13, "type": 0, "serialized_data": "[{\"pk\": 13, \"model\": \"objectapp.gbobject\", \"fields\": {\"status\": 2, \"priornodes\": [], \"password\": \"\", \"end_publication\": \"2042-03-15 00:00:00\", \"posteriornodes\": [], \"template\": \"objectapp/gbobject_detail.html\", \"comment_enabled\": true, \"tags\": \"\", \"image\": \"\", \"login_required\": false, \"excerpt\": \"\", \"sites\": [], \"objecttypes\": [], \"creation_date\": \"2011-12-07 02:53:25\", \"content\": \"\", \"featured\": false, \"start_publication\": \"2011-12-07 02:53:25\", \"pingback_enabled\": true, \"authors\": [], \"last_update\": \"2011-12-07 02:54:08\", \"slug\": \"nagarjuna\"}}]", "revision": 15}}, {"pk": 41, "model": "reversion.version", "fields": {"format": "json", "object_repr": "person", "object_id": "1", "content_type": 13, "object_id_int": 1, "type": 1, "serialized_data": "[{\"pk\": 1, \"model\": \"gstudio.nid\", \"fields\": {\"title\": \"person\"}}]", "revision": 16}}, {"pk": 42, "model": "reversion.version", "fields": {"format": "json", "object_repr": "place", "object_id": "3", "content_type": 13, "object_id_int": 3, "type": 1, "serialized_data": "[{\"pk\": 3, \"model\": \"gstudio.nid\", \"fields\": {\"title\": \"place\"}}]", "revision": 16}}, {"pk": 43, "model": "reversion.version", "fields": {"format": "json", "object_repr": "lives in", "object_id": "7", "content_type": 20, "object_id_int": 7, "type": 1, "serialized_data": "[{\"pk\": 7, \"model\": \"gstudio.relationtype\", \"fields\": {\"rght\": 2, \"inverse\": \"living place of\", \"cardinalityLeft\": null, \"isTransitive\": null, \"cardinalityRight\": null, \"level\": 0, \"isSymmetrical\": null, \"lft\": 1, \"subjecttypeLeft\": 1, \"subjecttypeRight\": 3, \"applicablenodetypes1\": \"OT\", \"applicablenodetypes2\": \"OT\", \"tree_id\": 2, \"isReflexive\": null}}]", "revision": 16}}, {"pk": 44, "model": "reversion.version", "fields": {"format": "json", "object_repr": "Mumbai", "object_id": "10", "content_type": 13, "object_id_int": 10, "type": 1, "serialized_data": "[{\"pk\": 10, \"model\": \"gstudio.nid\", \"fields\": {\"title\": \"Mumbai\"}}]", "revision": 16}}, {"pk": 45, "model": "reversion.version", "fields": {"format": "json", "object_repr": "Nagarjuna", "object_id": "13", "content_type": 13, "object_id_int": 13, "type": 1, "serialized_data": "[{\"pk\": 13, \"model\": \"gstudio.nid\", \"fields\": {\"title\": \"Nagarjuna\"}}]", "revision": 16}}, {"pk": 46, "model": "reversion.version", "fields": {"format": "json", "object_repr": " Nagarjuna mostly lives in  Mumbai", "object_id": "14", "content_type": 22, "object_id_int": 14, "type": 0, "serialized_data": "[{\"pk\": 14, \"model\": \"gstudio.relation\", \"fields\": {\"subject1Scope\": \"\", \"relationTypeScope\": \"mostly\", \"subject1\": 13, \"subject2\": 10, \"relationtype\": 7, \"objectScope\": \"\"}}]", "revision": 16}}, {"pk": 47, "model": "reversion.version", "fields": {"format": "json", "object_repr": "place", "object_id": "3", "content_type": 13, "object_id_int": 3, "type": 1, "serialized_data": "[{\"pk\": 3, \"model\": \"gstudio.nid\", \"fields\": {\"title\": \"place\"}}]", "revision": 17}}, {"pk": 48, "model": "reversion.version", "fields": {"format": "json", "object_repr": "population", "object_id": "15", "content_type": 21, "object_id_int": 15, "type": 0, "serialized_data": "[{\"pk\": 15, \"model\": \"gstudio.attributetype\", \"fields\": {\"rght\": 2, \"lft\": 1, \"max_digits\": null, \"blank\": null, \"help_text\": \"\", \"null\": null, \"subjecttype\": 3, \"upload_to\": \"\", \"label\": null, \"auto_now\": null, \"tree_id\": 1, \"verbose_name\": \"\", \"verify_exists\": null, \"dataType\": \"6\", \"editable\": null, \"applicablenodetypes\": \"OT\", \"auto_now_add\": null, \"path\": \"\", \"unique\": null, \"min_length\": null, \"decimal_places\": null, \"level\": 0, \"default\": null, \"required\": null}}]", "revision": 17}}, {"pk": 49, "model": "reversion.version", "fields": {"format": "json", "object_repr": "lived in", "object_id": "16", "content_type": 20, "object_id_int": 16, "type": 0, "serialized_data": "[{\"pk\": 16, \"model\": \"gstudio.relationtype\", \"fields\": {\"rght\": 3, \"inverse\": \"had resident\", \"cardinalityLeft\": null, \"isTransitive\": null, \"cardinalityRight\": null, \"level\": 1, \"isSymmetrical\": null, \"lft\": 2, \"subjecttypeLeft\": 1, \"subjecttypeRight\": 3, \"applicablenodetypes1\": \"OT\", \"applicablenodetypes2\": \"OT\", \"tree_id\": 2, \"isReflexive\": null}}]", "revision": 18}}, {"pk": 50, "model": "reversion.version", "fields": {"format": "json", "object_repr": "person", "object_id": "1", "content_type": 13, "object_id_int": 1, "type": 1, "serialized_data": "[{\"pk\": 1, \"model\": \"gstudio.nid\", \"fields\": {\"title\": \"person\"}}]", "revision": 18}}, {"pk": 51, "model": "reversion.version", "fields": {"format": "json", "object_repr": "place", "object_id": "3", "content_type": 13, "object_id_int": 3, "type": 1, "serialized_data": "[{\"pk\": 3, \"model\": \"gstudio.nid\", \"fields\": {\"title\": \"place\"}}]", "revision": 18}}, {"pk": 52, "model": "reversion.version", "fields": {"format": "json", "object_repr": "London", "object_id": "17", "content_type": 52, "object_id_int": 17, "type": 0, "serialized_data": "[{\"pk\": 17, \"model\": \"objectapp.gbobject\", \"fields\": {\"status\": 2, \"priornodes\": [], \"password\": \"\", \"end_publication\": \"2042-03-15 00:00:00\", \"posteriornodes\": [], \"template\": \"objectapp/gbobject_detail.html\", \"comment_enabled\": true, \"tags\": \"\", \"image\": \"\", \"login_required\": false, \"excerpt\": \"\", \"sites\": [], \"objecttypes\": [], \"creation_date\": \"2011-12-07 04:11:03\", \"content\": \"\", \"featured\": false, \"start_publication\": \"2011-12-07 04:11:03\", \"pingback_enabled\": true, \"authors\": [], \"last_update\": \"2011-12-07 04:11:34\", \"slug\": \"london\"}}]", "revision": 19}}, {"pk": 53, "model": "reversion.version", "fields": {"format": "json", "object_repr": "concept class", "object_id": "2", "content_type": 16, "object_id_int": 2, "type": 1, "serialized_data": "[{\"pk\": 2, \"model\": \"gstudio.metatype\", \"fields\": {\"rght\": 2, \"description\": \"the class of all concepts\", \"parent\": null, \"level\": 0, \"lft\": 1, \"tree_id\": 1, \"slug\": \"concept-class\"}}]", "revision": 19}}, {"pk": 54, "model": "reversion.version", "fields": {"format": "json", "object_repr": "place", "object_id": "3", "content_type": 17, "object_id_int": 3, "type": 1, "serialized_data": "[{\"pk\": 3, \"model\": \"gstudio.nodetype\", \"fields\": {\"rght\": 6, \"posteriornodes\": [], \"image\": \"\", \"metatypes\": [2], \"excerpt\": \"\", \"creation_date\": \"2011-12-07 02:07:58\", \"lft\": 1, \"featured\": false, \"pingback_enabled\": true, \"priornodes\": [], \"comment_enabled\": true, \"login_required\": false, \"sites\": [1], \"last_update\": \"2011-12-07 02:08:28\", \"content\": \"\", \"template\": \"gstudio/nodetype_detail.html\", \"tree_id\": 2, \"end_publication\": \"2042-03-15 00:00:00\", \"start_publication\": \"2011-12-07 02:07:58\", \"status\": 2, \"parent\": null, \"tags\": \"\", \"authors\": [1], \"password\": \"\", \"slug\": \"place\", \"level\": 0}}]", "revision": 19}}, {"pk": 55, "model": "reversion.version", "fields": {"format": "json", "object_repr": "city", "object_id": "5", "content_type": 17, "object_id_int": 5, "type": 1, "serialized_data": "[{\"pk\": 5, \"model\": \"gstudio.nodetype\", \"fields\": {\"rght\": 3, \"posteriornodes\": [], \"image\": \"\", \"metatypes\": [2], \"excerpt\": \"\", \"creation_date\": \"2011-12-07 02:10:54\", \"lft\": 2, \"featured\": false, \"pingback_enabled\": true, \"priornodes\": [], \"comment_enabled\": true, \"login_required\": false, \"sites\": [1], \"last_update\": \"2011-12-07 02:11:24\", \"content\": \"\", \"template\": \"gstudio/nodetype_detail.html\", \"tree_id\": 2, \"end_publication\": \"2042-03-15 00:00:00\", \"start_publication\": \"2011-12-07 02:10:54\", \"status\": 2, \"parent\": 3, \"tags\": \"\", \"authors\": [1], \"password\": \"\", \"slug\": \"city\", \"level\": 1}}]", "revision": 19}}, {"pk": 56, "model": "reversion.version", "fields": {"format": "json", "object_repr": "person", "object_id": "1", "content_type": 13, "object_id_int": 1, "type": 1, "serialized_data": "[{\"pk\": 1, \"model\": \"gstudio.nid\", \"fields\": {\"title\": \"person\"}}]", "revision": 20}}, {"pk": 57, "model": "reversion.version", "fields": {"format": "json", "object_repr": "place", "object_id": "3", "content_type": 13, "object_id_int": 3, "type": 1, "serialized_data": "[{\"pk\": 3, \"model\": \"gstudio.nid\", \"fields\": {\"title\": \"place\"}}]", "revision": 20}}, {"pk": 58, "model": "reversion.version", "fields": {"format": "json", "object_repr": "Charles Darwin", "object_id": "8", "content_type": 13, "object_id_int": 8, "type": 1, "serialized_data": "[{\"pk\": 8, \"model\": \"gstudio.nid\", \"fields\": {\"title\": \"Charles Darwin\"}}]", "revision": 20}}, {"pk": 59, "model": "reversion.version", "fields": {"format": "json", "object_repr": "lived in", "object_id": "16", "content_type": 20, "object_id_int": 16, "type": 1, "serialized_data": "[{\"pk\": 16, \"model\": \"gstudio.relationtype\", \"fields\": {\"rght\": 3, \"inverse\": \"had resident\", \"cardinalityLeft\": null, \"isTransitive\": null, \"cardinalityRight\": null, \"level\": 1, \"isSymmetrical\": null, \"lft\": 2, \"subjecttypeLeft\": 1, \"subjecttypeRight\": 3, \"applicablenodetypes1\": \"OT\", \"applicablenodetypes2\": \"OT\", \"tree_id\": 2, \"isReflexive\": null}}]", "revision": 20}}, {"pk": 60, "model": "reversion.version", "fields": {"format": "json", "object_repr": "London", "object_id": "17", "content_type": 13, "object_id_int": 17, "type": 1, "serialized_data": "[{\"pk\": 17, \"model\": \"gstudio.nid\", \"fields\": {\"title\": \"London\"}}]", "revision": 20}}, {"pk": 61, "model": "reversion.version", "fields": {"format": "json", "object_repr": " Charles Darwin  lived in several locations of London", "object_id": "18", "content_type": 22, "object_id_int": 18, "type": 0, "serialized_data": "[{\"pk\": 18, \"model\": \"gstudio.relation\", \"fields\": {\"subject1Scope\": \"\", \"relationTypeScope\": \"\", \"subject1\": 8, \"subject2\": 17, \"relationtype\": 16, \"objectScope\": \"several locations of\"}}]", "revision": 20}}, {"pk": 62, "model": "reversion.version", "fields": {"format": "json", "object_repr": "place", "object_id": "3", "content_type": 13, "object_id_int": 3, "type": 1, "serialized_data": "[{\"pk\": 3, \"model\": \"gstudio.nid\", \"fields\": {\"title\": \"place\"}}]", "revision": 21}}, {"pk": 63, "model": "reversion.version", "fields": {"format": "json", "object_repr": "India", "object_id": "9", "content_type": 13, "object_id_int": 9, "type": 1, "serialized_data": "[{\"pk\": 9, \"model\": \"gstudio.nid\", \"fields\": {\"title\": \"India\"}}]", "revision": 21}}, {"pk": 64, "model": "reversion.version", "fields": {"format": "json", "object_repr": "the population of India is 1210193422", "object_id": "19", "content_type": 23, "object_id_int": 19, "type": 0, "serialized_data": "[{\"pk\": 19, \"model\": \"gstudio.attribute\", \"fields\": {\"svalue\": \"1210193422\", \"attributeTypeScope\": \"\", \"valueScope\": \"\", \"attributeType\": 15, \"subjectScope\": \"\", \"subject\": 9}}]", "revision": 21}}, {"pk": 65, "model": "reversion.version", "fields": {"format": "json", "object_repr": "population", "object_id": "15", "content_type": 21, "object_id_int": 15, "type": 1, "serialized_data": "[{\"pk\": 15, \"model\": \"gstudio.attributetype\", \"fields\": {\"rght\": 2, \"lft\": 1, \"max_digits\": null, \"blank\": null, \"help_text\": \"\", \"null\": null, \"subjecttype\": 3, \"upload_to\": \"\", \"label\": null, \"auto_now\": null, \"tree_id\": 1, \"verbose_name\": \"\", \"verify_exists\": null, \"dataType\": \"6\", \"editable\": null, \"applicablenodetypes\": \"OT\", \"auto_now_add\": null, \"path\": \"\", \"unique\": null, \"min_length\": null, \"decimal_places\": null, \"level\": 0, \"default\": null, \"required\": null}}]", "revision": 21}}, {"pk": 66, "model": "reversion.version", "fields": {"format": "json", "object_repr": "Mumbai", "object_id": "10", "content_type": 13, "object_id_int": 10, "type": 1, "serialized_data": "[{\"pk\": 10, \"model\": \"gstudio.nid\", \"fields\": {\"title\": \"Mumbai\"}}]", "revision": 22}}, {"pk": 67, "model": "reversion.version", "fields": {"format": "json", "object_repr": "place", "object_id": "3", "content_type": 13, "object_id_int": 3, "type": 1, "serialized_data": "[{\"pk\": 3, \"model\": \"gstudio.nid\", \"fields\": {\"title\": \"place\"}}]", "revision": 22}}, {"pk": 68, "model": "reversion.version", "fields": {"format": "json", "object_repr": "the population of Mumbai is 20245000", "object_id": "20", "content_type": 23, "object_id_int": 20, "type": 0, "serialized_data": "[{\"pk\": 20, \"model\": \"gstudio.attribute\", \"fields\": {\"svalue\": \"20245000\", \"attributeTypeScope\": \"\", \"valueScope\": \"\", \"attributeType\": 15, \"subjectScope\": \"\", \"subject\": 10}}]", "revision": 22}}, {"pk": 69, "model": "reversion.version", "fields": {"format": "json", "object_repr": "population", "object_id": "15", "content_type": 21, "object_id_int": 15, "type": 1, "serialized_data": "[{\"pk\": 15, \"model\": \"gstudio.attributetype\", \"fields\": {\"rght\": 2, \"lft\": 1, \"max_digits\": null, \"blank\": null, \"help_text\": \"\", \"null\": null, \"subjecttype\": 3, \"upload_to\": \"\", \"label\": null, \"auto_now\": null, \"tree_id\": 1, \"verbose_name\": \"\", \"verify_exists\": null, \"dataType\": \"6\", \"editable\": null, \"applicablenodetypes\": \"OT\", \"auto_now_add\": null, \"path\": \"\", \"unique\": null, \"min_length\": null, \"decimal_places\": null, \"level\": 0, \"default\": null, \"required\": null}}]", "revision": 22}}, {"pk": 70, "model": "reversion.version", "fields": {"format": "json", "object_repr": "London", "object_id": "17", "content_type": 13, "object_id_int": 17, "type": 1, "serialized_data": "[{\"pk\": 17, \"model\": \"gstudio.nid\", \"fields\": {\"title\": \"London\"}}]", "revision": 23}}, {"pk": 71, "model": "reversion.version", "fields": {"format": "json", "object_repr": "place", "object_id": "3", "content_type": 13, "object_id_int": 3, "type": 1, "serialized_data": "[{\"pk\": 3, \"model\": \"gstudio.nid\", \"fields\": {\"title\": \"place\"}}]", "revision": 23}}, {"pk": 72, "model": "reversion.version", "fields": {"format": "json", "object_repr": "the population of London is 7825200", "object_id": "21", "content_type": 23, "object_id_int": 21, "type": 0, "serialized_data": "[{\"pk\": 21, \"model\": \"gstudio.attribute\", \"fields\": {\"svalue\": \"7825200\", \"attributeTypeScope\": \"\", \"valueScope\": \"\", \"attributeType\": 15, \"subjectScope\": \"\", \"subject\": 17}}]", "revision": 23}}, {"pk": 73, "model": "reversion.version", "fields": {"format": "json", "object_repr": "population", "object_id": "15", "content_type": 21, "object_id_int": 15, "type": 1, "serialized_data": "[{\"pk\": 15, \"model\": \"gstudio.attributetype\", \"fields\": {\"rght\": 2, \"lft\": 1, \"max_digits\": null, \"blank\": null, \"help_text\": \"\", \"null\": null, \"subjecttype\": 3, \"upload_to\": \"\", \"label\": null, \"auto_now\": null, \"tree_id\": 1, \"verbose_name\": \"\", \"verify_exists\": null, \"dataType\": \"6\", \"editable\": null, \"applicablenodetypes\": \"OT\", \"auto_now_add\": null, \"path\": \"\", \"unique\": null, \"min_length\": null, \"decimal_places\": null, \"level\": 0, \"default\": null, \"required\": null}}]", "revision": 23}}, {"pk": 74, "model": "reversion.version", "fields": {"format": "json", "object_repr": "times", "object_id": "22", "content_type": 20, "object_id_int": 22, "type": 0, "serialized_data": "[{\"pk\": 22, \"model\": \"gstudio.relationtype\", \"fields\": {\"rght\": 2, \"inverse\": \"portions of\", \"cardinalityLeft\": null, \"isTransitive\": false, \"cardinalityRight\": null, \"level\": 0, \"isSymmetrical\": false, \"lft\": 1, \"subjecttypeLeft\": 15, \"subjecttypeRight\": 15, \"applicablenodetypes1\": \"OT\", \"applicablenodetypes2\": \"OT\", \"tree_id\": 3, \"isReflexive\": false}}]", "revision": 24}}, {"pk": 75, "model": "reversion.version", "fields": {"format": "json", "object_repr": "population", "object_id": "15", "content_type": 13, "object_id_int": 15, "type": 1, "serialized_data": "[{\"pk\": 15, \"model\": \"gstudio.nid\", \"fields\": {\"title\": \"population\"}}]", "revision": 24}}, {"pk": 76, "model": "reversion.version", "fields": {"format": "json", "object_repr": "population", "object_id": "15", "content_type": 13, "object_id_int": 15, "type": 1, "serialized_data": "[{\"pk\": 15, \"model\": \"gstudio.nid\", \"fields\": {\"title\": \"population\"}}]", "revision": 25}}, {"pk": 77, "model": "reversion.version", "fields": {"format": "json", "object_repr": "the population of Mumbai is 20245000", "object_id": "20", "content_type": 13, "object_id_int": 20, "type": 1, "serialized_data": "[{\"pk\": 20, \"model\": \"gstudio.nid\", \"fields\": {\"title\": \"the population of Mumbai is 20245000\"}}]", "revision": 25}}, {"pk": 78, "model": "reversion.version", "fields": {"format": "json", "object_repr": "the population of London is 7825200", "object_id": "21", "content_type": 13, "object_id_int": 21, "type": 1, "serialized_data": "[{\"pk\": 21, \"model\": \"gstudio.nid\", \"fields\": {\"title\": \"the population of London is 7825200\"}}]", "revision": 25}}, {"pk": 79, "model": "reversion.version", "fields": {"format": "json", "object_repr": "times", "object_id": "22", "content_type": 20, "object_id_int": 22, "type": 1, "serialized_data": "[{\"pk\": 22, \"model\": \"gstudio.relationtype\", \"fields\": {\"rght\": 2, \"inverse\": \"portions of\", \"cardinalityLeft\": null, \"isTransitive\": false, \"cardinalityRight\": null, \"level\": 0, \"isSymmetrical\": false, \"lft\": 1, \"subjecttypeLeft\": 15, \"subjecttypeRight\": 15, \"applicablenodetypes1\": \"OT\", \"applicablenodetypes2\": \"OT\", \"tree_id\": 3, \"isReflexive\": false}}]", "revision": 25}}, {"pk": 80, "model": "reversion.version", "fields": {"format": "json", "object_repr": " the population of Mumbai is 20245000 three times more than the population of London is 7825200", "object_id": "23", "content_type": 22, "object_id_int": 23, "type": 0, "serialized_data": "[{\"pk\": 23, \"model\": \"gstudio.relation\", \"fields\": {\"subject1Scope\": \"\", \"relationTypeScope\": \"three\", \"subject1\": 20, \"subject2\": 21, \"relationtype\": 22, \"objectScope\": \"more than\"}}]", "revision": 25}}, {"pk": 81, "model": "reversion.version", "fields": {"format": "json", "object_repr": "geographical collection", "object_id": "24", "content_type": 44, "object_id_int": 24, "type": 0, "serialized_data": "[{\"pk\": 24, \"model\": \"gstudio.systemtype\", \"fields\": {\"lft\": 1}}]", "revision": 26}}, {"pk": 82, "model": "reversion.version", "fields": {"format": "json", "object_repr": "concept class", "object_id": "2", "content_type": 16, "object_id_int": 2, "type": 1, "serialized_data": "[{\"pk\": 2, \"model\": \"gstudio.metatype\", \"fields\": {\"rght\": 2, \"description\": \"the class of all concepts\", \"parent\": null, \"level\": 0, \"lft\": 1, \"tree_id\": 1, \"slug\": \"concept-class\"}}]", "revision": 27}}, {"pk": 83, "model": "reversion.version", "fields": {"format": "json", "object_repr": "place", "object_id": "3", "content_type": 17, "object_id_int": 3, "type": 1, "serialized_data": "[{\"pk\": 3, \"model\": \"gstudio.nodetype\", \"fields\": {\"rght\": 6, \"posteriornodes\": [], \"image\": \"\", \"metatypes\": [2], \"excerpt\": \"\", \"creation_date\": \"2011-12-07 02:07:58\", \"lft\": 1, \"featured\": false, \"pingback_enabled\": true, \"priornodes\": [], \"comment_enabled\": true, \"login_required\": false, \"sites\": [1], \"last_update\": \"2011-12-07 02:08:28\", \"content\": \"\", \"template\": \"gstudio/nodetype_detail.html\", \"tree_id\": 2, \"end_publication\": \"2042-03-15 00:00:00\", \"start_publication\": \"2011-12-07 02:07:58\", \"status\": 2, \"parent\": null, \"tags\": \"\", \"authors\": [1], \"password\": \"\", \"slug\": \"place\", \"level\": 0}}]", "revision": 27}}, {"pk": 84, "model": "reversion.version", "fields": {"format": "json", "object_repr": "country", "object_id": "4", "content_type": 17, "object_id_int": 4, "type": 1, "serialized_data": "[{\"pk\": 4, \"model\": \"gstudio.nodetype\", \"fields\": {\"rght\": 5, \"posteriornodes\": [], \"image\": \"\", \"metatypes\": [2], \"excerpt\": \"\", \"creation_date\": \"2011-12-07 02:08:37\", \"lft\": 4, \"featured\": false, \"pingback_enabled\": true, \"priornodes\": [], \"comment_enabled\": true, \"login_required\": false, \"sites\": [1], \"last_update\": \"2011-12-07 02:10:44\", \"content\": \"\", \"template\": \"gstudio/nodetype_detail.html\", \"tree_id\": 2, \"end_publication\": \"2042-03-15 00:00:00\", \"start_publication\": \"2011-12-07 02:08:37\", \"status\": 2, \"parent\": 3, \"tags\": \"\", \"authors\": [1], \"password\": \"\", \"slug\": \"country\", \"level\": 1}}]", "revision": 27}}, {"pk": 85, "model": "reversion.version", "fields": {"format": "json", "object_repr": "city", "object_id": "5", "content_type": 17, "object_id_int": 5, "type": 1, "serialized_data": "[{\"pk\": 5, \"model\": \"gstudio.nodetype\", \"fields\": {\"rght\": 3, \"posteriornodes\": [], \"image\": \"\", \"metatypes\": [2], \"excerpt\": \"\", \"creation_date\": \"2011-12-07 02:10:54\", \"lft\": 2, \"featured\": false, \"pingback_enabled\": true, \"priornodes\": [], \"comment_enabled\": true, \"login_required\": false, \"sites\": [1], \"last_update\": \"2011-12-07 02:11:24\", \"content\": \"\", \"template\": \"gstudio/nodetype_detail.html\", \"tree_id\": 2, \"end_publication\": \"2042-03-15 00:00:00\", \"start_publication\": \"2011-12-07 02:10:54\", \"status\": 2, \"parent\": 3, \"tags\": \"\", \"authors\": [1], \"password\": \"\", \"slug\": \"city\", \"level\": 1}}]", "revision": 27}}, {"pk": 86, "model": "reversion.version", "fields": {"format": "json", "object_repr": "capital of", "object_id": "6", "content_type": 20, "object_id_int": 6, "type": 1, "serialized_data": "[{\"pk\": 6, \"model\": \"gstudio.relationtype\", \"fields\": {\"rght\": 2, \"inverse\": \"has capital\", \"cardinalityLeft\": 1, \"isTransitive\": false, \"cardinalityRight\": 1, \"level\": 0, \"isSymmetrical\": false, \"lft\": 1, \"subjecttypeLeft\": 5, \"subjecttypeRight\": 4, \"applicablenodetypes1\": \"OT\", \"applicablenodetypes2\": \"OT\", \"tree_id\": 1, \"isReflexive\": false}}]", "revision": 27}}, {"pk": 87, "model": "reversion.version", "fields": {"format": "json", "object_repr": "India", "object_id": "9", "content_type": 52, "object_id_int": 9, "type": 1, "serialized_data": "[{\"pk\": 9, \"model\": \"objectapp.gbobject\", \"fields\": {\"status\": 2, \"priornodes\": [], \"password\": \"\", \"end_publication\": \"2042-03-15 00:00:00\", \"posteriornodes\": [], \"template\": \"objectapp/gbobject_detail.html\", \"comment_enabled\": true, \"tags\": \"\", \"image\": \"\", \"login_required\": false, \"excerpt\": \"\", \"sites\": [1], \"objecttypes\": [4], \"creation_date\": \"2011-12-07 02:49:25\", \"content\": \"\", \"featured\": false, \"start_publication\": \"2011-12-07 02:49:25\", \"pingback_enabled\": true, \"authors\": [1], \"last_update\": \"2011-12-07 02:50:25\", \"slug\": \"india\"}}]", "revision": 27}}, {"pk": 88, "model": "reversion.version", "fields": {"format": "json", "object_repr": "Mumbai", "object_id": "10", "content_type": 52, "object_id_int": 10, "type": 1, "serialized_data": "[{\"pk\": 10, \"model\": \"objectapp.gbobject\", \"fields\": {\"status\": 2, \"priornodes\": [], \"password\": \"\", \"end_publication\": \"2042-03-15 00:00:00\", \"posteriornodes\": [], \"template\": \"objectapp/gbobject_detail.html\", \"comment_enabled\": true, \"tags\": \"\", \"image\": \"\", \"login_required\": false, \"excerpt\": \"\", \"sites\": [1], \"objecttypes\": [5], \"creation_date\": \"2011-12-07 02:50:55\", \"content\": \"\", \"featured\": false, \"start_publication\": \"2011-12-07 02:50:55\", \"pingback_enabled\": true, \"authors\": [1], \"last_update\": \"2011-12-07 02:51:11\", \"slug\": \"mu\"}}]", "revision": 27}}, {"pk": 89, "model": "reversion.version", "fields": {"format": "json", "object_repr": "New Delhi", "object_id": "11", "content_type": 52, "object_id_int": 11, "type": 1, "serialized_data": "[{\"pk\": 11, \"model\": \"objectapp.gbobject\", \"fields\": {\"status\": 2, \"priornodes\": [], \"password\": \"\", \"end_publication\": \"2042-03-15 00:00:00\", \"posteriornodes\": [], \"template\": \"objectapp/gbobject_detail.html\", \"comment_enabled\": true, \"tags\": \"\", \"image\": \"\", \"login_required\": false, \"excerpt\": \"\", \"sites\": [1], \"objecttypes\": [5], \"creation_date\": \"2011-12-07 02:51:24\", \"content\": \"\", \"featured\": false, \"start_publication\": \"2011-12-07 02:51:24\", \"pingback_enabled\": true, \"authors\": [1], \"last_update\": \"2011-12-07 02:51:40\", \"slug\": \"new-delhi\"}}]", "revision": 27}}, {"pk": 90, "model": "reversion.version", "fields": {"format": "json", "object_repr": " New Delhi  capital of  India", "object_id": "12", "content_type": 22, "object_id_int": 12, "type": 1, "serialized_data": "[{\"pk\": 12, \"model\": \"gstudio.relation\", \"fields\": {\"subject1Scope\": \"\", \"relationTypeScope\": \"\", \"subject1\": 11, \"subject2\": 9, \"relationtype\": 6, \"objectScope\": \"\"}}]", "revision": 27}}, {"pk": 91, "model": "reversion.version", "fields": {"format": "json", "object_repr": "population", "object_id": "15", "content_type": 13, "object_id_int": 15, "type": 1, "serialized_data": "[{\"pk\": 15, \"model\": \"gstudio.nid\", \"fields\": {\"title\": \"population\"}}]", "revision": 27}}, {"pk": 92, "model": "reversion.version", "fields": {"format": "json", "object_repr": "the population of India is 1210193422", "object_id": "19", "content_type": 23, "object_id_int": 19, "type": 1, "serialized_data": "[{\"pk\": 19, \"model\": \"gstudio.attribute\", \"fields\": {\"svalue\": \"1210193422\", \"attributeTypeScope\": \"\", \"valueScope\": \"\", \"attributeType\": 15, \"subjectScope\": \"\", \"subject\": 9}}]", "revision": 27}}, {"pk": 93, "model": "reversion.version", "fields": {"format": "json", "object_repr": "the population of Mumbai is 20245000", "object_id": "20", "content_type": 13, "object_id_int": 20, "type": 1, "serialized_data": "[{\"pk\": 20, \"model\": \"gstudio.nid\", \"fields\": {\"title\": \"the population of Mumbai is 20245000\"}}]", "revision": 27}}, {"pk": 94, "model": "reversion.version", "fields": {"format": "json", "object_repr": "the population of London is 7825200", "object_id": "21", "content_type": 13, "object_id_int": 21, "type": 1, "serialized_data": "[{\"pk\": 21, \"model\": \"gstudio.nid\", \"fields\": {\"title\": \"the population of London is 7825200\"}}]", "revision": 27}}, {"pk": 95, "model": "reversion.version", "fields": {"format": "json", "object_repr": "times", "object_id": "22", "content_type": 20, "object_id_int": 22, "type": 1, "serialized_data": "[{\"pk\": 22, \"model\": \"gstudio.relationtype\", \"fields\": {\"rght\": 2, \"inverse\": \"portions of\", \"cardinalityLeft\": null, \"isTransitive\": false, \"cardinalityRight\": null, \"level\": 0, \"isSymmetrical\": false, \"lft\": 1, \"subjecttypeLeft\": 15, \"subjecttypeRight\": 15, \"applicablenodetypes1\": \"OT\", \"applicablenodetypes2\": \"OT\", \"tree_id\": 3, \"isReflexive\": false}}]", "revision": 27}}, {"pk": 96, "model": "reversion.version", "fields": {"format": "json", "object_repr": " the population of Mumbai is 20245000 three times more than the population of London is 7825200", "object_id": "23", "content_type": 22, "object_id_int": 23, "type": 1, "serialized_data": "[{\"pk\": 23, \"model\": \"gstudio.relation\", \"fields\": {\"subject1Scope\": \"\", \"relationTypeScope\": \"three\", \"subject1\": 20, \"subject2\": 21, \"relationtype\": 22, \"objectScope\": \"more than\"}}]", "revision": 27}}, {"pk": 97, "model": "reversion.version", "fields": {"format": "json", "object_repr": "geographical collection", "object_id": "24", "content_type": 44, "object_id_int": 24, "type": 1, "serialized_data": "[{\"pk\": 24, \"model\": \"gstudio.systemtype\", \"fields\": {\"lft\": 1}}]", "revision": 27}}, {"pk": 98, "model": "reversion.version", "fields": {"format": "json", "object_repr": "geographical facts of India", "object_id": "25", "content_type": 54, "object_id_int": 25, "type": 0, "serialized_data": "[{\"pk\": 25, \"model\": \"objectapp.system\", \"fields\": {}}]", "revision": 27}}, {"pk": 99, "model": "reversion.version", "fields": {"format": "json", "object_repr": "city", "object_id": "5", "content_type": 13, "object_id_int": 5, "type": 1, "serialized_data": "[{\"pk\": 5, \"model\": \"gstudio.nid\", \"fields\": {\"title\": \"city\"}}]", "revision": 27}}, {"pk": 100, "model": "reversion.version", "fields": {"format": "json", "object_repr": "India", "object_id": "9", "content_type": 13, "object_id_int": 9, "type": 1, "serialized_data": "[{\"pk\": 9, \"model\": \"gstudio.nid\", \"fields\": {\"title\": \"India\"}}]", "revision": 27}}, {"pk": 101, "model": "reversion.version", "fields": {"format": "json", "object_repr": "Mumbai", "object_id": "10", "content_type": 13, "object_id_int": 10, "type": 1, "serialized_data": "[{\"pk\": 10, \"model\": \"gstudio.nid\", \"fields\": {\"title\": \"Mumbai\"}}]", "revision": 27}}, {"pk": 102, "model": "reversion.version", "fields": {"format": "json", "object_repr": "New Delhi", "object_id": "11", "content_type": 13, "object_id_int": 11, "type": 1, "serialized_data": "[{\"pk\": 11, \"model\": \"gstudio.nid\", \"fields\": {\"title\": \"New Delhi\"}}]", "revision": 27}}, {"pk": 103, "model": "reversion.version", "fields": {"format": "json", "object_repr": "population", "object_id": "15", "content_type": 21, "object_id_int": 15, "type": 1, "serialized_data": "[{\"pk\": 15, \"model\": \"gstudio.attributetype\", \"fields\": {\"rght\": 2, \"lft\": 1, \"max_digits\": null, \"blank\": null, \"help_text\": \"\", \"null\": null, \"subjecttype\": 3, \"upload_to\": \"\", \"label\": null, \"auto_now\": null, \"tree_id\": 1, \"verbose_name\": \"\", \"verify_exists\": null, \"dataType\": \"6\", \"editable\": null, \"applicablenodetypes\": \"OT\", \"auto_now_add\": null, \"path\": \"\", \"unique\": null, \"min_length\": null, \"decimal_places\": null, \"level\": 0, \"default\": null, \"required\": null}}]", "revision": 27}}, {"pk": 104, "model": "reversion.version", "fields": {"format": "json", "object_repr": "place", "object_id": "3", "content_type": 13, "object_id_int": 3, "type": 1, "serialized_data": "[{\"pk\": 3, \"model\": \"gstudio.nid\", \"fields\": {\"title\": \"place\"}}]", "revision": 27}}, {"pk": 105, "model": "reversion.version", "fields": {"format": "json", "object_repr": "the population of Mumbai is 20245000", "object_id": "20", "content_type": 23, "object_id_int": 20, "type": 1, "serialized_data": "[{\"pk\": 20, \"model\": \"gstudio.attribute\", \"fields\": {\"svalue\": \"20245000\", \"attributeTypeScope\": \"\", \"valueScope\": \"\", \"attributeType\": 15, \"subjectScope\": \"\", \"subject\": 10}}]", "revision": 27}}, {"pk": 106, "model": "reversion.version", "fields": {"format": "json", "object_repr": "country", "object_id": "4", "content_type": 13, "object_id_int": 4, "type": 1, "serialized_data": "[{\"pk\": 4, \"model\": \"gstudio.nid\", \"fields\": {\"title\": \"country\"}}]", "revision": 27}}, {"pk": 107, "model": "reversion.version", "fields": {"format": "json", "object_repr": "population change", "object_id": "26", "content_type": 43, "object_id_int": 26, "type": 0, "serialized_data": "[{\"pk\": 26, \"model\": \"gstudio.processtype\", \"fields\": {\"lft\": 1}}]", "revision": 28}}, {"pk": 108, "model": "reversion.version", "fields": {"format": "json", "object_repr": "place", "object_id": "3", "content_type": 13, "object_id_int": 3, "type": 1, "serialized_data": "[{\"pk\": 3, \"model\": \"gstudio.nid\", \"fields\": {\"title\": \"place\"}}]", "revision": 28}}, {"pk": 109, "model": "reversion.version", "fields": {"format": "json", "object_repr": "population", "object_id": "15", "content_type": 21, "object_id_int": 15, "type": 1, "serialized_data": "[{\"pk\": 15, \"model\": \"gstudio.attributetype\", \"fields\": {\"rght\": 2, \"lft\": 1, \"max_digits\": null, \"blank\": null, \"help_text\": \"\", \"null\": null, \"subjecttype\": 3, \"upload_to\": \"\", \"label\": null, \"auto_now\": null, \"tree_id\": 1, \"verbose_name\": \"\", \"verify_exists\": null, \"dataType\": \"6\", \"editable\": null, \"applicablenodetypes\": \"OT\", \"auto_now_add\": null, \"path\": \"\", \"unique\": null, \"min_length\": null, \"decimal_places\": null, \"level\": 0, \"default\": null, \"required\": null}}]", "revision": 28}}, {"pk": 110, "model": "reversion.version", "fields": {"format": "json", "object_repr": "place", "object_id": "3", "content_type": 13, "object_id_int": 3, "type": 1, "serialized_data": "[{\"pk\": 3, \"model\": \"gstudio.nid\", \"fields\": {\"title\": \"place\"}}]", "revision": 29}}, {"pk": 111, "model": "reversion.version", "fields": {"format": "json", "object_repr": "Mumbai", "object_id": "10", "content_type": 13, "object_id_int": 10, "type": 1, "serialized_data": "[{\"pk\": 10, \"model\": \"gstudio.nid\", \"fields\": {\"title\": \"Mumbai\"}}]", "revision": 29}}, {"pk": 112, "model": "reversion.version", "fields": {"format": "json", "object_repr": "the population of Mumbai is 21245000", "object_id": "27", "content_type": 23, "object_id_int": 27, "type": 0, "serialized_data": "[{\"pk\": 27, \"model\": \"gstudio.attribute\", \"fields\": {\"svalue\": \"21245000\", \"attributeTypeScope\": \"\", \"valueScope\": \"\", \"attributeType\": 15, \"subjectScope\": \"\", \"subject\": 10}}]", "revision": 29}}, {"pk": 113, "model": "reversion.version", "fields": {"format": "json", "object_repr": "population", "object_id": "15", "content_type": 21, "object_id_int": 15, "type": 1, "serialized_data": "[{\"pk\": 15, \"model\": \"gstudio.attributetype\", \"fields\": {\"rght\": 2, \"lft\": 1, \"max_digits\": null, \"blank\": null, \"help_text\": \"\", \"null\": null, \"subjecttype\": 3, \"upload_to\": \"\", \"label\": null, \"auto_now\": null, \"tree_id\": 1, \"verbose_name\": \"\", \"verify_exists\": null, \"dataType\": \"6\", \"editable\": null, \"applicablenodetypes\": \"OT\", \"auto_now_add\": null, \"path\": \"\", \"unique\": null, \"min_length\": null, \"decimal_places\": null, \"level\": 0, \"default\": null, \"required\": null}}]", "revision": 29}}, {"pk": 114, "model": "reversion.version", "fields": {"format": "json", "object_repr": "place", "object_id": "3", "content_type": 13, "object_id_int": 3, "type": 1, "serialized_data": "[{\"pk\": 3, \"model\": \"gstudio.nid\", \"fields\": {\"title\": \"place\"}}]", "revision": 30}}, {"pk": 115, "model": "reversion.version", "fields": {"format": "json", "object_repr": "Mumbai", "object_id": "10", "content_type": 13, "object_id_int": 10, "type": 1, "serialized_data": "[{\"pk\": 10, \"model\": \"gstudio.nid\", \"fields\": {\"title\": \"Mumbai\"}}]", "revision": 30}}, {"pk": 116, "model": "reversion.version", "fields": {"format": "json", "object_repr": "population", "object_id": "15", "content_type": 21, "object_id_int": 15, "type": 1, "serialized_data": "[{\"pk\": 15, \"model\": \"gstudio.attributetype\", \"fields\": {\"rght\": 2, \"lft\": 1, \"max_digits\": null, \"blank\": null, \"help_text\": \"\", \"null\": null, \"subjecttype\": 3, \"upload_to\": \"\", \"label\": null, \"auto_now\": null, \"tree_id\": 1, \"verbose_name\": \"\", \"verify_exists\": null, \"dataType\": \"6\", \"editable\": null, \"applicablenodetypes\": \"OT\", \"auto_now_add\": null, \"path\": \"\", \"unique\": null, \"min_length\": null, \"decimal_places\": null, \"level\": 0, \"default\": null, \"required\": null}}]", "revision": 30}}, {"pk": 117, "model": "reversion.version", "fields": {"format": "json", "object_repr": "the population of Mumbai is 20245000", "object_id": "20", "content_type": 23, "object_id_int": 20, "type": 1, "serialized_data": "[{\"pk\": 20, \"model\": \"gstudio.attribute\", \"fields\": {\"svalue\": \"20245000\", \"attributeTypeScope\": \"\", \"valueScope\": \"\", \"attributeType\": 15, \"subjectScope\": \"\", \"subject\": 10}}]", "revision": 30}}, {"pk": 118, "model": "reversion.version", "fields": {"format": "json", "object_repr": "the population of Mumbai is 21245000", "object_id": "27", "content_type": 23, "object_id_int": 27, "type": 1, "serialized_data": "[{\"pk\": 27, \"model\": \"gstudio.attribute\", \"fields\": {\"svalue\": \"21245000\", \"attributeTypeScope\": \"\", \"valueScope\": \"\", \"attributeType\": 15, \"subjectScope\": \"\", \"subject\": 10}}]", "revision": 30}}, {"pk": 119, "model": "reversion.version", "fields": {"format": "json", "object_repr": "population change of mumbai", "object_id": "28", "content_type": 53, "object_id_int": 28, "type": 0, "serialized_data": "[{\"pk\": 28, \"model\": \"objectapp.process\", \"fields\": {}}]", "revision": 30}}]